hora_del_dia_formato_24h,porcentaje_uso_procesador,temperatura_ambiental_exterior_celsius,temperatura_rack_celsius,potencia_sistema_enfriamiento_porcentaje
0.0,7.5,11.1,13.93,16.16
0.02,31.46,11.49,17.89,23.58
0.03,13.05,13.7,15.29,19.24
0.05,11.77,11.34,13.14,12.29
0.06,25.11,13.43,16.82,21.88
0.08,32.2,10.65,18.0,23.04
0.1,26.92,13.94,17.35,24.81
0.11,22.82,10.78,15.85,21.54
0.13,22.97,13.43,17.65,21.83
0.14,24.27,13.51,16.5,23.9
0.16,23.8,11.49,15.16,22.7
0.18,21.41,13.38,16.49,21.94
0.19,20.52,12.86,15.95,19.72
0.21,19.69,11.63,15.07,22.99
0.22,16.23,10.89,14.98,16.58
0.24,18.6,9.43,15.42,19.55
0.26,11.54,12.87,15.03,18.93
0.27,19.51,9.96,15.56,21.86
0.29,15.06,12.42,16.86,23.23
0.3,14.48,11.85,14.88,17.59
0.32,20.9,13.24,16.72,20.97
0.34,26.96,11.73,16.52,21.44
0.35,24.59,11.66,15.89,19.04
0.37,12.15,13.22,14.76,18.14
0.38,15.05,12.6,15.08,17.93
0.4,24.71,12.54,17.13,21.05
0.42,15.09,12.74,17.39,25.74
0.43,18.88,9.7,14.57,16.92
0.45,22.75,13.11,16.4,19.77
0.46,15.16,12.86,15.51,19.46
0.48,20.53,10.39,15.91,20.7
0.5,13.33,11.52,15.1,16.2
0.51,17.0,11.8,16.53,22.46
0.53,21.6,11.62,14.18,15.22
0.54,12.04,12.3,13.03,16.82
0.56,22.21,13.91,16.5,22.68
0.58,19.9,13.36,17.27,23.0
0.59,22.77,9.74,14.47,16.32
0.61,21.12,12.62,13.94,16.11
0.62,26.82,13.65,17.94,25.99
0.64,20.63,12.21,16.35,21.53
0.66,17.86,13.23,15.19,18.69
0.67,20.61,14.59,16.08,21.06
0.69,22.72,13.08,15.94,19.77
0.7,20.25,11.89,16.09,20.49
0.72,20.21,13.06,15.85,17.33
0.74,16.49,11.68,15.79,21.8
0.75,16.69,11.47,13.08,14.82
0.77,12.99,10.88,13.96,15.16
0.78,28.75,13.73,16.89,25.6
0.8,13.78,10.13,14.33,17.26
0.82,16.54,13.63,15.56,18.27
0.83,16.41,12.05,16.13,22.38
0.85,24.48,9.18,14.32,17.69
0.86,18.53,11.8,15.76,20.87
0.88,26.24,8.08,16.17,20.55
0.9,16.64,12.14,17.04,23.76
0.91,21.4,12.5,15.97,20.34
0.93,15.83,10.26,15.13,19.73
0.94,30.73,11.31,15.91,17.74
0.96,14.07,14.03,13.84,15.39
0.98,21.55,10.32,16.4,24.26
0.99,23.17,9.46,15.7,18.98
1.01,22.08,13.25,17.62,23.46
1.02,19.08,13.95,15.35,18.7
1.04,19.36,10.99,16.02,19.02
1.06,20.23,12.47,17.67,21.16
1.07,19.27,12.95,16.51,21.59
1.09,24.83,9.8,16.26,21.58
1.1,31.06,10.16,17.06,23.05
1.12,17.22,12.71,14.55,17.4
1.14,13.16,13.37,16.5,21.97
1.15,19.57,11.66,15.35,20.9
1.17,32.91,9.48,17.52,23.85
1.18,15.99,13.76,14.69,17.07
1.2,28.2,9.96,15.63,19.57
1.22,28.4,10.23,17.83,25.7
1.23,17.24,11.22,15.09,20.91
1.25,22.85,13.02,17.88,24.0
1.26,28.15,11.95,17.1,23.38
1.28,18.11,11.27,14.03,16.98
1.3,18.99,11.32,16.36,20.11
1.31,17.1,10.67,14.71,17.99
1.33,14.94,11.42,15.65,17.83
1.34,16.76,7.0,14.05,13.86
1.36,13.89,10.1,13.31,15.43
1.38,20.18,10.89,15.82,19.84
1.39,16.16,8.78,16.23,21.62
1.41,21.18,11.06,16.28,21.4
1.42,12.23,10.16,14.28,15.54
1.44,21.67,13.08,17.43,23.87
1.46,24.18,12.79,17.01,21.17
1.47,10.04,9.71,14.04,18.57
1.49,21.88,10.16,14.85,16.23
1.5,26.15,10.26,16.56,21.73
1.52,13.97,9.67,15.26,17.6
1.54,28.38,10.63,16.13,21.95
1.55,22.11,9.18,16.6,21.62
1.57,16.49,8.6,14.4,16.5
1.58,19.74,11.22,15.02,19.92
1.6,22.81,11.21,16.97,22.97
1.62,20.4,9.04,14.94,19.24
1.63,22.71,11.57,16.87,21.25
1.65,15.41,9.27,14.28,14.91
1.66,20.86,10.58,15.65,20.19
1.68,12.95,11.41,15.2,18.55
1.7,19.46,10.11,15.59,20.84
1.71,15.5,10.83,13.4,14.96
1.73,16.34,9.36,13.78,16.22
1.74,26.2,9.82,16.99,20.54
1.76,25.48,9.79,16.03,23.69
1.78,23.07,8.97,15.12,18.61
1.79,14.56,9.81,13.47,16.27
1.81,18.44,7.73,13.63,14.33
1.82,26.09,9.3,14.46,17.87
1.84,20.73,9.6,15.3,17.32
1.86,31.62,9.63,16.49,22.57
1.87,21.99,9.64,14.81,17.64
1.89,20.99,9.89,15.46,19.65
1.9,18.48,10.69,15.68,21.14
1.92,20.7,11.27,17.56,22.37
1.94,19.27,8.97,13.77,14.88
1.95,23.57,8.13,16.28,22.11
1.97,24.81,8.35,16.38,24.79
1.98,16.1,9.17,13.96,16.11
2.0,13.37,9.36,14.41,18.19
2.02,10.85,8.72,13.32,14.75
2.03,22.57,7.92,15.3,22.17
2.05,14.52,9.17,15.56,17.22
2.06,9.27,10.12,14.36,17.34
2.08,21.98,10.72,16.31,19.05
2.1,32.5,8.98,16.56,18.28
2.11,20.01,9.19,13.97,16.78
2.13,24.23,8.41,15.37,19.62
2.14,20.45,9.74,16.35,21.15
2.16,19.55,8.5,13.66,15.5
2.18,24.64,10.63,15.42,24.16
2.19,18.59,7.08,14.42,16.94
2.21,21.38,9.21,14.57,18.43
2.22,21.65,10.19,15.06,17.76
2.24,16.7,10.0,14.58,18.13
2.26,25.01,13.76,16.16,20.8
2.27,19.17,10.23,14.57,17.04
2.29,16.27,8.19,14.88,21.06
2.3,22.73,9.55,14.61,19.52
2.32,15.56,7.02,12.58,13.49
2.34,20.19,9.55,14.79,14.68
2.35,20.01,8.42,15.51,19.18
2.37,25.48,11.03,16.35,25.62
2.38,22.43,8.82,15.03,18.32
2.4,19.93,9.47,15.27,20.84
2.42,24.15,8.68,14.21,19.02
2.43,27.01,12.24,17.48,24.39
2.45,22.85,9.14,15.86,19.23
2.46,20.11,12.36,15.8,16.7
2.48,13.51,10.83,15.51,20.75
2.5,14.74,10.32,13.83,14.81
2.51,18.54,10.15,16.13,21.36
2.53,17.02,10.18,15.15,17.04
2.54,19.14,7.0,14.11,16.23
2.56,20.36,9.16,15.18,19.05
2.58,22.72,10.84,15.96,21.12
2.59,19.72,9.49,16.18,19.53
2.61,22.51,7.45,14.14,18.5
2.62,20.4,9.48,14.69,17.03
2.64,10.2,12.11,15.44,17.06
2.66,15.39,11.42,14.68,17.73
2.67,19.36,9.45,15.86,20.55
2.69,14.04,10.97,16.18,21.45
2.7,23.09,8.98,15.22,21.13
2.72,27.75,7.0,16.17,20.82
2.74,26.19,8.14,14.82,18.02
2.75,19.03,11.87,16.42,20.08
2.77,27.55,9.11,16.39,22.88
2.78,20.84,9.15,15.65,20.3
2.8,18.42,9.07,14.37,16.59
2.82,17.04,12.37,14.35,14.32
2.83,18.59,11.95,16.18,23.37
2.85,18.17,12.84,14.33,15.3
2.86,20.96,9.27,15.07,17.86
2.88,20.92,9.95,16.27,21.93
2.9,20.13,7.23,14.74,16.24
2.91,22.3,11.72,17.81,22.54
2.93,26.08,7.75,16.43,18.55
2.94,24.87,9.83,15.53,20.85
2.96,12.7,7.85,13.72,14.97
2.98,7.36,8.62,13.11,18.84
2.99,24.81,8.24,14.3,15.58
3.01,13.3,8.59,13.25,13.37
3.02,19.02,8.69,14.42,16.47
3.04,14.29,8.68,12.55,13.57
3.06,11.14,10.75,14.38,16.53
3.07,22.86,7.84,14.97,19.45
3.09,23.95,9.83,14.58,16.22
3.1,17.27,11.33,15.73,18.13
3.12,7.2,8.74,13.74,13.13
3.14,17.43,8.43,14.74,14.69
3.15,22.13,9.16,15.2,18.26
3.17,12.78,11.28,15.21,18.61
3.18,21.09,9.8,16.04,19.95
3.2,20.1,8.72,15.28,21.07
3.22,23.08,10.24,15.26,21.01
3.23,20.78,7.87,15.1,18.31
3.25,15.33,10.55,15.84,17.76
3.26,26.18,10.14,15.86,19.64
3.28,19.41,9.07,16.71,21.47
3.3,20.07,8.28,14.47,16.45
3.31,15.54,8.21,14.24,15.89
3.33,18.0,10.34,14.67,16.9
3.34,15.79,11.39,15.39,18.87
3.36,19.36,8.6,13.49,14.33
3.38,28.78,10.24,16.31,21.79
3.39,13.37,7.0,12.67,14.0
3.41,12.17,8.69,13.98,14.99
3.42,27.6,9.52,17.15,25.25
3.44,19.2,8.21,15.26,17.71
3.46,16.91,8.18,12.51,10.69
3.47,25.46,8.59,17.4,24.45
3.49,17.23,10.03,15.24,17.91
3.5,29.4,9.32,15.94,21.14
3.52,23.66,7.0,15.16,15.34
3.54,17.84,7.0,14.33,19.21
3.55,31.07,8.71,16.08,21.99
3.57,17.26,10.31,15.26,16.91
3.58,24.01,7.0,14.6,15.49
3.6,21.8,8.89,15.01,21.12
3.62,26.82,8.86,15.5,18.59
3.63,28.12,11.74,15.95,19.45
3.65,20.48,9.09,15.31,15.89
3.66,16.56,10.25,15.44,19.05
3.68,22.64,9.89,16.16,20.82
3.7,16.95,7.0,14.71,19.04
3.71,30.42,10.85,17.43,21.84
3.73,21.04,10.03,15.13,16.61
3.74,18.54,10.48,16.0,21.48
3.76,21.29,15.62,16.19,22.72
3.78,13.64,7.0,12.86,11.53
3.79,15.53,12.33,14.68,19.52
3.81,26.4,9.33,16.99,23.03
3.82,17.12,10.2,15.8,21.99
3.84,15.18,9.71,15.0,18.5
3.86,23.1,9.15,16.45,18.01
3.87,26.36,8.94,15.3,19.03
3.89,24.03,10.3,16.35,23.17
3.9,25.42,7.54,15.35,18.03
3.92,16.67,10.96,15.88,19.96
3.94,13.35,9.22,14.11,16.38
3.95,27.98,8.16,15.7,15.78
3.97,18.87,9.19,15.43,22.04
3.98,19.24,11.77,16.52,20.59
4.0,27.14,9.09,15.63,20.74
4.02,23.29,10.44,15.96,20.58
4.03,22.8,8.82,14.61,19.62
4.05,31.35,11.07,15.37,20.02
4.06,17.32,10.97,15.46,19.27
4.08,25.19,12.73,17.46,22.67
4.1,20.85,9.71,15.64,21.21
4.11,21.92,10.99,14.41,14.5
4.13,28.23,10.14,16.36,22.55
4.14,23.13,11.96,14.67,16.22
4.16,23.3,8.95,16.66,24.13
4.18,25.98,11.16,15.75,20.48
4.19,18.8,9.76,16.16,22.12
4.21,16.45,9.97,15.63,20.12
4.22,15.43,10.22,14.08,13.96
4.24,10.83,10.48,13.31,13.59
4.26,30.96,9.94,17.25,24.56
4.27,15.18,10.45,14.16,17.0
4.29,19.6,12.51,16.18,22.96
4.3,19.33,11.64,15.41,20.11
4.32,22.27,11.48,14.75,16.6
4.34,24.82,9.51,14.17,15.58
4.35,25.06,8.88,15.98,20.91
4.37,17.86,11.66,15.14,15.43
4.38,19.95,11.56,15.42,22.03
4.4,22.22,12.47,17.02,23.71
4.42,19.57,9.38,16.09,22.84
4.43,28.87,9.95,16.45,19.43
4.45,23.3,7.86,14.96,20.39
4.46,24.54,9.75,16.38,24.99
4.48,24.19,11.85,15.48,17.67
4.5,26.76,9.67,16.46,22.97
4.51,21.82,11.35,16.51,21.92
4.53,14.44,10.12,15.18,16.67
4.54,22.94,10.91,14.55,18.35
4.56,17.71,8.72,14.08,17.82
4.58,18.34,10.59,14.63,16.89
4.59,23.93,7.0,15.15,20.68
4.61,27.21,10.22,16.9,20.27
4.62,21.14,8.08,16.19,18.97
4.64,22.6,12.35,16.09,21.19
4.66,29.58,11.73,16.91,22.84
4.67,22.29,11.28,17.04,22.01
4.69,34.12,12.89,18.55,36.73
4.7,23.96,9.2,16.75,23.24
4.72,12.34,13.27,15.5,20.99
4.74,24.94,12.07,15.81,20.2
4.75,23.09,10.33,14.88,19.25
4.77,27.66,12.41,15.99,20.12
4.78,24.6,9.07,16.32,24.58
4.8,20.56,9.52,16.29,20.21
4.82,15.15,9.86,16.14,24.26
4.83,20.25,10.0,16.11,21.1
4.85,17.07,9.24,15.68,18.02
4.86,18.44,12.68,15.51,21.78
4.88,24.31,10.48,15.24,19.32
4.9,29.74,11.42,17.92,26.29
4.91,23.39,10.06,16.24,23.17
4.93,15.46,8.2,14.29,17.54
4.94,23.68,11.36,16.65,21.35
4.96,27.47,8.11,16.18,22.65
4.98,18.46,10.9,16.47,21.85
4.99,20.87,8.98,16.25,22.39
5.01,21.64,14.03,17.28,20.39
5.02,17.66,12.44,16.47,22.51
5.04,24.86,11.26,16.89,21.81
5.06,21.04,13.02,16.09,23.47
5.07,23.77,9.88,16.52,22.87
5.09,17.26,11.99,14.48,17.83
5.1,19.54,11.5,16.63,22.91
5.12,25.37,11.62,15.71,18.66
5.14,19.92,13.16,16.56,24.48
5.15,30.45,12.38,16.95,25.88
5.17,19.84,11.74,16.34,22.14
5.18,23.0,8.85,15.46,22.0
5.2,26.57,9.92,15.05,17.86
5.22,14.84,11.2,15.35,18.17
5.23,13.16,11.55,14.41,17.36
5.25,14.37,9.74,15.21,19.71
5.26,28.34,15.08,18.13,33.47
5.28,19.3,13.76,16.74,23.24
5.3,34.89,12.42,17.52,24.6
5.31,19.31,11.65,15.32,17.81
5.33,23.09,11.25,15.86,21.26
5.34,29.91,10.17,17.57,25.56
5.36,32.26,11.74,19.04,36.97
5.38,32.58,12.04,17.19,25.15
5.39,28.35,9.82,17.42,22.09
5.41,27.46,12.21,15.41,20.2
5.42,25.34,11.51,15.67,18.32
5.44,26.31,8.91,15.22,17.41
5.46,19.7,10.51,14.43,16.39
5.47,18.4,11.2,14.26,15.56
5.49,22.51,14.69,17.5,23.28
5.5,21.72,12.72,16.29,21.12
5.52,20.34,9.91,15.73,21.45
5.54,26.13,12.67,17.64,23.93
5.55,27.46,9.65,16.59,19.72
5.57,23.17,13.63,17.47,25.75
5.58,30.16,11.33,17.22,22.22
5.6,17.1,11.92,14.61,17.65
5.62,21.89,14.08,17.74,25.31
5.63,19.31,10.19,14.89,18.65
5.65,13.61,10.06,13.74,17.48
5.66,22.57,11.31,16.02,21.57
5.68,22.42,13.77,16.15,19.85
5.7,30.64,9.97,16.6,25.39
5.71,26.28,8.03,15.99,21.08
5.73,18.05,11.63,15.89,20.33
5.74,32.49,13.17,17.44,25.42
5.76,29.37,14.17,17.62,24.74
5.78,26.22,11.71,17.68,25.08
5.79,22.23,11.82,16.67,26.0
5.81,18.61,14.2,18.12,33.02
5.82,21.6,9.7,16.49,21.39
5.84,28.95,11.95,18.2,34.44
5.86,32.98,12.85,17.03,24.67
5.87,31.33,13.27,18.64,33.32
5.89,21.22,11.87,16.1,18.06
5.9,18.12,12.72,15.5,18.82
5.92,24.48,8.97,15.87,18.07
5.94,14.98,11.75,15.95,20.06
5.95,25.49,13.45,17.63,25.14
5.97,23.2,11.33,15.56,18.49
5.98,21.66,12.92,17.11,21.1
6.0,16.07,13.54,15.38,19.54
6.02,26.67,12.39,17.26,24.86
6.03,21.5,13.19,16.33,18.99
6.05,18.37,11.53,15.45,20.81
6.06,9.92,12.7,15.36,20.62
6.08,24.2,13.96,16.36,23.03
6.1,33.26,13.31,19.87,40.81
6.11,32.76,12.23,16.46,25.12
6.13,22.23,13.48,16.29,20.9
6.14,21.57,14.25,17.2,23.6
6.16,26.99,10.14,16.92,22.21
6.18,19.72,14.99,16.78,22.51
6.19,26.28,12.78,17.1,25.52
6.21,28.67,13.96,18.17,32.16
6.22,31.04,15.15,18.36,33.54
6.24,24.47,11.34,17.56,26.31
6.26,24.02,12.37,17.36,25.33
6.27,20.71,13.03,17.11,22.7
6.29,21.03,12.33,15.48,20.93
6.3,24.11,16.14,17.77,25.22
6.32,27.14,12.29,16.88,24.99
6.34,29.94,12.78,16.87,22.83
6.35,21.43,13.96,17.08,24.72
6.37,32.98,11.88,17.42,27.88
6.38,24.24,13.13,17.48,24.95
6.4,25.56,14.24,16.62,22.24
6.42,22.0,13.3,18.06,34.55
6.43,13.69,13.7,14.88,17.78
6.45,30.31,13.08,17.99,28.0
6.46,29.65,11.64,17.92,25.3
6.48,24.63,14.43,16.95,22.47
6.5,26.45,16.62,19.0,35.01
6.51,28.77,14.06,16.91,24.44
6.53,18.46,14.4,17.66,25.75
6.54,23.71,15.14,17.49,23.34
6.56,30.4,12.24,17.1,24.09
6.58,20.24,16.74,17.22,21.21
6.59,28.06,14.52,18.57,35.49
6.61,19.89,16.71,16.93,23.52
6.62,29.09,13.2,17.08,25.73
6.64,26.66,17.07,18.31,33.27
6.66,18.85,15.54,15.95,18.78
6.67,32.83,15.25,20.29,38.74
6.69,23.42,14.81,16.89,20.74
6.7,23.13,14.12,17.76,26.67
6.72,28.27,16.34,18.67,37.8
6.74,33.1,14.79,17.95,25.57
6.75,22.37,11.67,16.24,23.16
6.77,27.84,12.98,18.06,34.03
6.78,29.77,14.42,17.99,25.04
6.8,31.18,15.2,19.54,37.47
6.82,28.69,14.69,18.89,35.62
6.83,26.07,16.65,19.01,33.93
6.85,23.86,11.93,16.17,21.57
6.86,28.52,15.11,17.31,23.61
6.88,22.82,12.21,15.98,21.88
6.9,13.67,16.12,16.48,21.99
6.91,30.56,14.88,18.83,35.81
6.93,32.99,15.69,17.25,22.25
6.94,16.76,13.81,16.07,21.05
6.96,23.62,17.07,18.17,34.98
6.98,31.86,16.75,18.92,34.66
6.99,39.16,16.1,21.04,42.59
7.01,29.07,15.08,18.58,35.63
7.02,25.43,16.18,19.09,35.36
7.04,28.26,14.29,17.71,23.69
7.06,36.15,16.68,20.5,41.17
7.07,26.15,17.91,19.97,37.13
7.09,25.49,17.09,19.37,37.71
7.1,27.18,14.43,16.9,21.43
7.12,24.93,16.11,17.74,26.23
7.14,30.42,13.67,17.73,28.0
7.15,38.03,16.51,20.36,39.28
7.17,31.63,16.37,19.55,38.82
7.18,28.87,12.93,16.89,21.68
7.2,28.78,14.04,17.94,26.63
7.22,22.53,15.4,15.77,18.4
7.23,34.88,15.41,20.33,41.04
7.25,30.18,14.09,17.69,23.22
7.26,29.78,16.53,18.82,35.67
7.28,46.76,16.37,20.94,41.11
7.3,32.41,15.75,19.84,40.08
7.31,27.27,14.95,15.67,18.82
7.33,29.01,17.7,19.0,37.24
7.34,37.0,18.65,20.38,40.04
7.36,31.94,15.49,18.42,34.85
7.38,24.31,15.34,19.01,36.36
7.39,36.21,17.04,19.15,36.1
7.41,28.39,15.81,18.98,36.62
7.42,41.22,16.18,20.62,43.74
7.44,37.38,17.54,21.19,41.59
7.46,29.86,13.61,17.38,25.59
7.47,38.63,18.5,20.06,42.07
7.49,32.68,16.67,20.12,38.39
7.5,36.73,15.99,19.96,37.26
7.52,35.02,16.52,18.3,35.35
7.54,28.49,16.64,18.19,33.4
7.55,29.63,14.15,18.35,37.51
7.57,38.12,19.03,21.41,43.43
7.58,31.42,16.9,18.58,34.23
7.6,31.21,17.54,16.96,21.18
7.62,28.58,18.35,19.57,39.53
7.63,35.6,15.44,18.32,34.13
7.65,43.93,17.72,19.57,38.9
7.66,28.41,16.66,16.35,23.01
7.68,34.0,18.37,20.59,40.23
7.7,41.07,13.96,19.75,39.05
7.71,33.75,17.05,19.33,37.54
7.73,36.54,16.34,20.81,42.71
7.74,29.1,17.93,19.61,38.92
7.76,36.69,18.04,21.52,43.27
7.78,33.75,16.32,18.17,34.58
7.79,39.75,16.36,20.14,39.54
7.81,40.89,17.3,19.33,35.78
7.82,48.04,16.17,21.13,43.62
7.84,38.13,18.82,20.48,43.73
7.86,37.0,17.05,20.48,39.51
7.87,36.48,13.29,18.81,35.2
7.89,33.88,17.14,20.05,38.2
7.9,37.48,16.19,20.35,41.61
7.92,34.46,15.34,20.82,42.27
7.94,36.92,15.98,19.4,37.7
7.95,42.8,18.05,20.37,39.51
7.97,31.33,19.92,20.22,39.93
7.98,42.2,18.45,20.51,38.88
8.0,43.23,17.11,22.09,45.71
8.02,36.2,18.75,20.15,41.21
8.03,26.33,17.43,18.09,31.95
8.05,34.05,17.12,19.2,34.93
8.06,43.72,16.48,21.36,45.94
8.08,37.26,15.63,19.47,37.23
8.1,32.53,17.72,19.02,38.37
8.11,35.15,18.59,21.51,43.23
8.13,42.03,18.25,20.38,40.64
8.14,40.71,17.82,20.78,42.51
8.16,36.93,17.07,20.5,39.55
8.18,36.44,19.45,19.31,37.89
8.19,36.46,16.61,20.15,39.36
8.21,33.96,19.8,19.52,36.11
8.22,46.8,17.18,22.1,46.24
8.24,37.27,17.6,19.41,37.61
8.26,45.12,16.57,21.57,43.99
8.27,46.79,18.07,22.59,45.23
8.29,44.33,20.33,22.72,49.62
8.3,37.33,19.69,21.02,43.61
8.32,41.66,20.43,21.49,45.24
8.34,39.68,19.79,20.73,41.2
8.35,35.44,17.4,21.04,39.63
8.37,41.73,18.61,20.57,44.3
8.38,34.37,17.98,19.05,36.77
8.4,46.36,21.2,23.11,47.3
8.42,38.26,17.45,19.65,39.31
8.43,41.74,20.64,20.98,44.21
8.45,42.31,20.68,20.69,41.67
8.46,39.76,22.14,21.52,45.69
8.48,44.15,18.82,21.48,45.56
8.5,39.0,20.56,21.52,42.1
8.51,45.89,22.96,23.8,49.21
8.53,34.96,18.66,20.59,42.43
8.54,42.48,17.33,20.71,37.69
8.56,51.7,16.86,21.9,45.27
8.58,37.17,20.8,21.54,41.51
8.59,38.94,16.95,21.25,42.29
8.61,45.06,19.26,21.91,44.69
8.62,43.55,20.53,21.6,43.67
8.64,44.57,20.2,21.23,42.45
8.66,45.42,20.6,21.11,41.38
8.67,46.31,20.35,22.85,51.16
8.69,48.85,21.98,23.64,52.77
8.7,45.51,18.68,22.17,44.1
8.72,42.42,19.14,21.29,45.69
8.74,47.15,19.05,23.18,48.03
8.75,53.45,21.5,23.31,49.57
8.77,43.45,21.65,23.06,48.01
8.78,39.4,21.03,21.49,42.68
8.8,49.97,22.17,22.91,49.57
8.82,44.0,18.68,21.96,45.38
8.83,33.9,23.0,21.64,43.03
8.85,49.17,22.83,23.76,48.36
8.86,42.42,21.69,22.22,44.47
8.88,44.81,23.31,22.96,45.45
8.9,47.08,18.2,23.7,50.04
8.91,46.54,19.95,23.18,46.81
8.93,49.3,19.68,23.13,48.24
8.94,43.74,21.91,22.51,48.69
8.96,48.64,19.3,23.15,50.45
8.98,44.95,22.06,23.05,48.12
8.99,50.1,23.03,23.7,50.06
9.01,49.65,22.07,23.08,51.34
9.02,42.06,21.5,21.98,45.93
9.04,52.33,19.64,20.44,41.16
9.06,44.39,19.9,22.07,43.39
9.07,51.27,23.09,23.47,50.26
9.09,49.23,22.43,24.64,53.91
9.1,56.75,21.25,24.12,50.78
9.12,46.61,20.73,21.53,44.64
9.14,46.14,18.37,21.66,43.99
9.15,47.95,19.85,21.57,44.13
9.17,46.7,24.37,23.96,46.97
9.18,52.38,19.63,23.22,48.72
9.2,40.46,21.89,22.7,48.41
9.22,43.44,23.16,22.11,44.63
9.23,43.53,19.82,21.78,44.78
9.25,53.79,22.02,22.81,46.93
9.26,57.75,23.2,25.4,55.73
9.28,48.84,21.86,23.55,49.42
9.3,48.68,26.19,24.81,51.68
9.31,50.04,19.44,22.59,49.23
9.33,55.66,23.57,24.97,55.33
9.34,45.37,21.78,23.9,49.54
9.36,51.36,23.24,23.69,51.01
9.38,55.21,22.79,24.45,53.33
9.39,53.0,21.08,22.64,48.52
9.41,51.61,22.57,23.06,46.05
9.42,55.82,19.49,23.52,51.58
9.44,37.46,23.23,22.78,46.15
9.46,54.53,22.82,24.05,50.86
9.47,48.03,23.38,23.29,52.94
9.49,42.31,24.05,22.52,47.06
9.5,54.18,23.06,23.85,50.26
9.52,58.65,22.78,25.07,51.08
9.54,51.25,21.29,22.12,48.15
9.55,56.86,21.59,25.25,52.72
9.57,60.32,24.48,25.06,52.94
9.58,58.99,24.91,26.1,56.65
9.6,60.77,22.44,24.03,53.85
9.62,56.44,22.92,25.09,55.46
9.63,53.26,21.54,24.22,51.55
9.65,45.03,24.7,23.75,50.49
9.66,51.97,23.99,23.44,48.71
9.68,49.14,25.95,24.61,52.78
9.7,64.36,21.77,24.42,53.08
9.71,52.78,22.56,23.72,51.88
9.73,54.43,23.53,25.27,56.11
9.74,56.73,24.2,25.62,56.47
9.76,54.34,22.95,24.28,51.45
9.78,62.75,22.01,24.42,54.0
9.79,51.32,24.69,24.86,53.25
9.81,55.55,24.5,24.92,52.16
9.82,51.02,22.09,21.67,44.24
9.84,48.28,25.54,24.79,53.13
9.86,51.97,25.31,24.61,54.11
9.87,55.0,23.8,25.58,55.23
9.89,53.19,23.77,23.47,47.95
9.9,52.02,24.53,21.86,45.5
9.92,48.6,22.45,23.5,49.77
9.94,55.36,23.83,24.91,54.03
9.95,48.4,20.61,21.35,45.21
9.97,59.87,25.2,24.96,55.67
9.98,56.63,21.59,26.39,56.88
10.0,49.07,26.23,24.24,50.66
10.02,54.96,23.53,25.11,52.7
10.03,52.89,23.75,23.77,51.62
10.05,58.39,23.17,23.25,51.67
10.06,63.64,23.73,25.71,55.91
10.08,47.7,26.34,24.1,50.78
10.1,57.79,20.52,23.72,52.91
10.11,56.56,26.22,25.47,56.08
10.13,60.85,24.85,25.99,57.62
10.14,58.7,22.58,24.67,51.51
10.16,54.01,22.83,23.17,50.04
10.18,56.32,27.0,26.15,55.73
10.19,54.07,23.11,22.71,46.11
10.21,63.57,22.85,23.93,51.11
10.22,58.43,26.33,26.46,57.19
10.24,67.96,25.18,27.31,67.62
10.26,58.29,23.31,24.9,51.73
10.27,55.18,25.08,23.91,52.51
10.29,51.29,23.27,23.35,51.04
10.3,49.97,26.5,24.49,49.37
10.32,51.2,26.49,23.59,51.46
10.34,60.59,25.74,25.42,54.19
10.35,61.92,25.53,26.66,58.0
10.37,51.6,27.67,26.43,57.46
10.38,64.11,25.08,25.98,57.18
10.4,57.35,23.35,25.43,54.96
10.42,60.63,25.84,24.51,54.82
10.43,68.08,28.34,28.4,72.63
10.45,64.63,23.73,25.35,56.38
10.46,58.92,24.76,25.72,57.77
10.48,55.93,25.97,25.2,55.64
10.5,49.75,25.31,25.36,58.0
10.51,57.04,23.96,24.26,51.32
10.53,59.7,27.16,26.81,58.0
10.54,55.94,29.0,26.09,56.77
10.56,60.34,25.86,25.88,58.0
10.58,61.5,24.26,25.55,55.8
10.59,60.11,23.33,24.54,52.46
10.61,58.1,26.09,25.74,58.0
10.62,62.31,27.4,26.7,58.0
10.64,63.79,26.5,26.89,57.42
10.66,56.24,25.83,25.47,54.52
10.67,68.86,24.99,27.62,70.78
10.69,61.43,24.28,26.43,58.0
10.7,62.13,27.21,25.83,56.78
10.72,65.68,27.38,27.93,73.51
10.74,63.42,23.73,24.87,52.08
10.75,67.13,28.48,28.25,72.84
10.77,63.91,27.0,27.36,67.57
10.78,59.52,28.28,25.08,54.29
10.8,64.49,24.21,26.19,57.83
10.82,57.07,24.22,24.67,54.23
10.83,63.44,26.08,25.92,56.25
10.85,62.83,27.1,27.82,70.91
10.86,62.06,29.09,26.7,58.0
10.88,62.56,27.49,26.17,56.16
10.9,53.9,26.11,25.21,54.29
10.91,60.66,24.98,26.34,57.66
10.93,63.97,28.41,27.18,66.7
10.94,64.41,25.16,27.32,67.82
10.96,58.57,29.09,27.14,66.49
10.98,70.13,26.26,25.8,56.37
10.99,59.57,29.12,26.45,58.0
11.01,68.84,27.79,27.37,66.59
11.02,66.22,26.61,27.47,67.7
11.04,60.95,26.07,24.06,55.99
11.06,73.15,26.38,30.06,85.05
11.07,58.4,27.58,26.67,56.58
11.09,69.05,27.09,27.76,71.8
11.1,69.55,26.13,28.37,71.27
11.12,61.28,26.81,28.3,73.15
11.14,71.69,27.22,28.76,80.06
11.15,63.56,23.95,26.66,56.59
11.17,66.34,27.87,27.58,66.52
11.18,66.28,25.75,26.72,56.99
11.2,64.4,25.53,26.12,58.0
11.22,69.21,24.77,26.31,58.0
11.23,69.2,24.65,26.38,57.73
11.25,56.57,25.35,24.23,53.03
11.26,71.92,26.36,27.78,73.06
11.28,57.17,30.39,25.56,58.0
11.3,70.72,26.71,27.92,71.4
11.31,71.27,27.81,28.15,69.71
11.33,60.26,28.18,26.81,57.88
11.34,63.74,27.82,26.67,58.0
11.36,60.34,27.55,28.97,77.08
11.38,64.87,25.91,27.77,70.21
11.39,64.48,29.92,26.83,58.0
11.41,69.99,30.49,28.98,80.0
11.42,72.71,25.29,27.15,66.98
11.44,73.21,26.32,27.2,69.24
11.46,63.5,27.48,25.88,57.35
11.47,65.33,26.49,27.26,67.61
11.49,58.03,28.73,25.99,58.0
11.5,62.49,26.92,27.41,68.32
11.52,71.41,31.3,30.04,88.11
11.54,74.73,29.87,30.4,85.16
11.55,60.54,28.44,26.13,56.54
11.57,63.82,29.7,28.04,71.91
11.58,66.71,29.86,28.64,76.48
11.6,68.31,27.39,27.24,69.46
11.62,62.92,27.05,26.12,57.4
11.63,69.15,28.43,29.34,78.08
11.65,64.73,29.64,27.96,72.91
11.66,67.08,28.59,28.31,75.04
11.68,69.95,26.06,26.8,56.76
11.7,67.31,27.26,26.46,58.0
11.71,65.15,28.39,27.01,63.57
11.73,66.84,28.42,27.62,68.73
11.74,67.01,31.53,27.82,69.6
11.76,65.65,26.53,26.97,58.0
11.78,66.26,29.4,26.58,58.0
11.79,75.61,30.91,28.84,75.65
11.81,70.47,32.12,29.89,83.0
11.82,66.24,28.14,28.03,70.01
11.84,71.26,29.52,28.38,75.02
11.86,66.15,29.67,27.18,65.83
11.87,73.74,29.15,28.11,72.56
11.89,69.77,28.74,27.94,72.59
11.9,67.44,29.58,28.67,76.83
11.92,70.26,25.16,27.98,74.09
11.94,60.22,30.02,26.84,58.0
11.95,62.48,29.22,26.4,58.0
11.97,62.19,28.73,27.35,67.18
11.98,68.92,32.17,28.49,75.32
12.0,76.92,28.12,28.67,77.32
12.02,79.46,28.56,30.65,86.88
12.03,71.53,32.19,30.19,85.0
12.05,70.89,27.99,28.3,74.56
12.06,59.42,28.44,25.63,56.46
12.08,65.76,29.08,27.93,70.49
12.1,64.57,30.59,28.89,75.3
12.11,65.45,29.68,27.59,71.7
12.13,67.75,27.46,28.64,76.66
12.14,66.27,28.63,28.73,76.03
12.16,58.77,28.55,27.92,69.34
12.18,72.45,29.38,29.06,77.49
12.19,63.38,30.17,28.21,75.02
12.21,69.98,30.19,29.83,83.0
12.22,79.19,26.93,29.42,80.44
12.24,64.26,31.22,27.78,71.32
12.26,56.24,30.04,26.31,56.3
12.27,67.49,31.77,29.01,80.34
12.29,74.46,30.39,28.38,76.78
12.3,78.78,31.4,30.23,85.88
12.32,62.87,30.48,28.64,74.66
12.34,71.54,31.83,27.67,66.38
12.35,66.76,30.63,29.6,79.36
12.37,68.58,29.73,29.26,77.67
12.38,82.37,33.32,31.07,87.74
12.4,61.66,31.27,28.26,72.75
12.42,70.47,30.83,28.97,76.03
12.43,71.57,28.08,29.29,79.59
12.45,74.69,28.09,29.54,82.51
12.46,69.78,30.5,27.65,70.86
12.48,70.85,30.31,29.34,77.41
12.5,67.38,29.2,27.86,71.04
12.51,70.71,30.36,28.93,75.73
12.53,67.68,32.56,28.5,76.4
12.54,72.52,31.25,30.79,87.97
12.56,67.59,28.52,28.69,74.84
12.58,71.35,30.09,28.28,72.82
12.59,69.34,29.08,27.21,66.74
12.61,75.14,29.74,29.01,75.18
12.62,69.28,29.73,28.81,77.52
12.64,60.69,29.66,27.39,67.57
12.66,75.89,28.52,30.06,87.06
12.67,65.07,30.24,28.64,74.09
12.69,66.35,29.62,28.78,75.74
12.7,66.66,26.09,27.25,65.26
12.72,76.53,33.59,29.56,80.46
12.74,59.0,32.17,27.55,67.06
12.75,85.38,30.0,31.73,89.59
12.77,74.99,30.62,29.52,80.57
12.78,70.85,28.86,28.83,77.44
12.8,69.47,33.19,29.28,79.25
12.82,71.19,33.52,29.05,76.69
12.83,72.39,30.93,29.18,79.15
12.85,73.02,32.26,30.01,86.62
12.86,72.59,31.01,28.8,75.37
12.88,70.28,28.77,28.13,74.22
12.9,68.86,30.18,27.79,69.58
12.91,69.1,31.02,29.72,81.75
12.93,68.9,30.17,28.3,74.76
12.94,75.55,30.55,30.78,86.51
12.96,72.86,30.76,30.52,86.81
12.98,55.21,30.8,26.68,57.99
12.99,73.2,31.03,28.61,76.28
13.01,70.91,29.38,26.93,56.49
13.02,69.85,29.92,27.43,66.01
13.04,68.01,29.09,26.99,58.0
13.06,75.59,32.51,31.32,89.01
13.07,74.71,27.91,28.8,75.91
13.09,66.12,32.82,29.24,79.07
13.1,72.03,33.19,28.13,73.52
13.12,65.14,30.68,27.19,68.1
13.14,63.11,27.25,27.54,65.97
13.15,66.89,30.64,28.62,74.4
13.17,74.34,31.11,29.49,80.92
13.18,74.8,29.71,29.71,83.0
13.2,72.61,30.47,30.48,89.22
13.22,73.67,33.56,30.07,85.88
13.23,72.63,32.29,29.77,80.89
13.25,66.85,29.92,28.33,74.56
13.26,72.22,28.94,30.57,88.17
13.28,74.07,30.86,27.82,71.53
13.3,73.85,31.05,30.07,85.2
13.31,76.02,32.14,30.07,87.07
13.33,73.62,30.61,29.81,83.0
13.34,71.84,32.2,29.05,77.09
13.36,75.44,34.36,30.71,87.44
13.38,69.96,32.7,30.02,87.03
13.39,65.69,31.42,30.94,88.59
13.41,69.28,31.24,29.56,81.44
13.42,66.37,31.0,27.75,69.92
13.44,66.72,33.33,28.83,78.84
13.46,69.38,30.63,28.39,72.67
13.47,66.14,31.66,27.15,67.54
13.49,68.56,31.69,28.68,74.16
13.5,92.63,35.88,38.28,99.07
13.52,71.17,29.59,27.68,69.94
13.54,100.0,37.15,39.98,99.27
13.55,66.01,31.59,28.94,78.33
13.57,73.39,32.45,29.29,78.31
13.58,74.78,30.92,29.51,83.0
13.6,94.05,38.57,39.99,99.55
13.62,66.27,30.44,28.83,78.27
13.63,98.24,39.34,39.55,97.24
13.65,65.38,29.17,27.54,68.7
13.66,100.0,37.46,39.3,98.15
13.68,100.0,37.53,38.85,97.3
13.7,100.0,35.64,37.01,98.21
13.71,60.04,32.49,29.59,81.34
13.73,73.23,33.79,30.38,85.0
13.74,95.85,33.56,37.78,98.02
13.76,70.34,32.65,29.45,80.39
13.78,71.42,28.17,27.72,70.5
13.79,76.83,30.48,29.64,81.87
13.81,63.48,34.39,27.74,71.46
13.82,54.91,31.09,28.61,76.64
13.84,70.92,30.21,27.86,71.84
13.86,100.0,36.69,38.18,97.66
13.87,100.0,40.1,39.68,97.96
13.89,71.02,29.27,29.61,81.95
13.9,67.51,30.45,28.44,73.46
13.92,73.99,34.29,29.53,82.47
13.94,97.07,39.84,40.0,98.46
13.95,72.31,31.91,30.14,87.76
13.97,72.44,30.22,29.5,83.0
13.98,100.0,40.24,40.0,97.31
14.0,100.0,39.5,40.0,98.82
14.02,71.84,33.14,31.61,87.46
14.03,67.32,30.91,27.99,73.0
14.05,100.0,37.07,40.0,97.48
14.06,92.99,36.92,38.36,96.98
14.08,98.35,37.66,39.46,98.28
14.1,67.76,34.36,28.28,69.72
14.11,99.17,38.51,39.3,96.25
14.13,100.0,35.59,38.03,97.82
14.14,65.64,34.28,29.96,83.0
14.16,100.0,37.69,40.0,97.63
14.18,69.72,33.26,27.93,69.39
14.19,100.0,39.44,39.82,97.18
14.21,100.0,35.59,39.57,98.39
14.22,100.0,37.21,39.01,98.58
14.24,73.76,31.48,30.22,86.32
14.26,65.28,29.93,28.23,75.01
14.27,66.31,32.81,29.23,79.96
14.29,68.06,36.07,29.97,82.79
14.3,62.82,29.55,26.5,58.0
14.32,97.43,37.27,37.91,96.46
14.34,99.13,38.29,39.93,97.89
14.35,73.85,32.52,29.98,83.0
14.37,100.0,37.17,39.04,98.69
14.38,100.0,35.4,38.28,99.4
14.4,100.0,37.71,39.07,97.7
14.42,100.0,36.23,39.71,99.35
14.43,100.0,34.09,37.96,97.74
14.45,68.81,34.17,28.66,78.27
14.46,70.63,33.82,30.48,86.7
14.48,66.36,32.47,28.7,77.24
14.5,57.05,32.74,27.62,71.36
14.51,68.54,34.02,30.93,87.2
14.53,100.0,37.75,39.31,98.22
14.54,73.78,33.77,30.56,88.13
14.56,73.95,31.98,28.87,77.47
14.58,100.0,39.4,39.64,96.68
14.59,69.5,32.92,29.94,83.0
14.61,70.01,32.73,28.23,72.85
14.62,65.9,30.54,28.38,74.46
14.64,67.37,32.88,29.21,81.06
14.66,100.0,36.21,38.89,97.39
14.67,74.9,31.5,30.64,85.95
14.69,68.15,31.24,29.02,78.59
14.7,98.56,35.87,39.73,96.21
14.72,68.77,35.66,29.37,79.94
14.74,71.74,34.47,30.35,86.77
14.75,61.47,35.36,29.09,77.81
14.77,57.17,30.64,26.13,54.79
14.78,65.86,32.59,29.59,83.0
14.8,94.47,35.54,39.72,98.1
14.82,97.99,36.44,38.63,99.43
14.83,67.75,31.11,29.06,78.04
14.85,66.18,34.35,29.47,79.46
14.86,100.0,36.9,38.5,98.27
14.88,100.0,39.1,38.27,97.78
14.9,69.81,33.4,29.08,76.89
14.91,71.37,35.95,29.52,83.0
14.93,62.52,30.28,29.01,76.89
14.94,100.0,39.39,39.72,96.16
14.96,99.74,39.22,39.45,99.33
14.98,100.0,36.04,39.52,97.5
14.99,62.66,34.01,27.89,70.2
15.01,92.2,38.0,37.66,95.72
15.02,72.01,32.16,29.64,83.0
15.04,100.0,36.26,39.7,96.71
15.06,63.3,31.42,28.51,74.92
15.07,63.41,35.57,29.57,82.56
15.09,73.33,32.5,29.95,83.0
15.1,93.7,38.67,39.01,97.94
15.12,100.0,36.31,39.05,96.3
15.14,95.03,36.32,37.35,96.22
15.15,70.67,34.11,30.02,86.22
15.17,65.78,30.46,27.32,66.68
15.18,70.38,31.86,29.33,80.5
15.2,64.58,32.54,28.24,74.34
15.22,66.43,32.65,30.96,88.4
15.23,99.39,37.21,39.04,96.77
15.25,62.11,33.07,27.3,70.84
15.26,70.76,33.51,29.71,83.0
15.28,64.43,33.57,29.33,79.84
15.3,65.79,30.99,29.67,83.0
15.31,93.89,37.04,37.75,100.0
15.33,85.99,39.25,36.48,94.28
15.34,65.78,33.8,29.83,82.59
15.36,100.0,35.39,37.51,94.89
15.38,70.52,32.97,29.27,80.13
15.39,98.43,34.47,37.91,98.23
15.41,65.14,32.5,28.64,75.7
15.42,98.5,40.28,40.0,97.35
15.44,69.05,31.0,28.27,70.66
15.46,60.33,31.17,27.38,68.46
15.47,100.0,38.56,39.56,99.46
15.49,69.67,30.09,28.75,75.79
15.5,69.61,31.45,29.11,79.48
15.52,68.13,33.29,29.71,80.02
15.54,65.96,31.44,29.17,79.66
15.55,69.15,32.03,29.45,80.25
15.57,100.0,38.49,39.91,97.24
15.58,95.86,38.0,37.53,96.54
15.6,94.68,37.76,38.6,97.61
15.62,65.97,31.84,29.0,78.55
15.63,100.0,37.9,39.95,96.69
15.65,59.11,32.15,27.16,65.92
15.66,57.88,33.01,27.27,67.03
15.68,65.96,31.57,28.08,70.77
15.7,65.3,32.04,29.01,80.66
15.71,97.83,35.82,39.26,97.15
15.73,98.09,37.24,38.57,97.33
15.74,63.67,31.07,28.78,75.02
15.76,72.15,30.6,29.24,82.47
15.78,56.6,32.65,27.4,68.65
15.79,60.37,32.57,27.86,69.36
15.81,95.91,38.42,39.53,99.11
15.82,56.12,31.59,27.37,67.91
15.84,63.36,32.84,30.36,86.8
15.86,72.45,33.04,29.24,79.24
15.87,96.16,37.87,39.22,97.25
15.89,65.11,30.95,27.8,71.23
15.9,57.56,32.4,26.87,58.0
15.92,92.68,37.71,38.24,99.82
15.94,61.79,32.17,28.22,71.12
15.95,93.98,34.01,39.67,99.54
15.97,69.87,32.37,29.2,79.2
15.98,66.15,35.44,28.82,77.34
16.0,89.71,36.57,37.7,98.38
16.02,64.39,31.0,26.48,57.53
16.03,65.55,32.64,28.72,77.57
16.05,68.65,32.54,29.23,75.43
16.06,70.75,33.85,30.55,86.1
16.08,57.67,30.16,27.69,68.2
16.1,58.58,33.13,27.53,66.81
16.11,56.24,32.9,27.4,67.48
16.13,93.25,36.79,37.45,97.55
16.14,64.64,32.5,27.72,71.25
16.16,99.14,38.52,39.68,98.24
16.18,61.71,33.27,27.41,67.16
16.19,60.38,30.23,26.99,58.0
16.21,94.63,38.16,37.87,97.93
16.22,57.58,31.82,27.83,71.86
16.24,72.09,32.01,31.0,88.27
16.26,85.49,36.99,35.95,94.96
16.27,62.33,31.64,26.55,57.19
16.29,71.41,33.64,29.85,82.39
16.3,93.21,36.71,38.04,97.45
16.32,60.11,30.14,27.43,67.73
16.34,91.15,36.21,37.22,97.1
16.35,59.92,32.06,27.64,70.53
16.37,67.57,33.61,29.68,82.03
16.38,49.52,32.66,27.31,66.86
16.4,68.13,30.46,26.95,58.0
16.42,53.22,35.45,27.56,67.75
16.43,58.88,32.1,27.84,69.17
16.45,57.94,33.6,27.25,64.32
16.46,62.91,31.44,29.44,79.36
16.48,83.85,37.45,36.38,96.05
16.5,62.02,32.89,28.33,72.63
16.51,100.0,38.44,39.98,97.76
16.53,84.64,38.18,36.75,96.6
16.54,92.28,37.88,36.77,96.67
16.56,55.89,31.08,26.59,56.63
16.58,61.2,30.68,28.4,75.57
16.59,59.04,32.01,27.4,69.6
16.61,87.6,37.9,36.89,95.21
16.62,61.12,31.14,28.45,73.1
16.64,67.57,33.05,28.95,79.53
16.66,57.46,33.61,27.51,68.27
16.67,61.88,30.04,27.6,66.01
16.69,51.68,30.14,26.65,56.07
16.7,53.23,31.16,28.47,73.66
16.72,60.24,31.82,28.44,72.51
16.74,97.16,35.55,39.18,97.59
16.75,91.38,38.34,37.85,97.8
16.77,55.9,31.93,26.36,58.0
16.78,89.32,36.33,37.4,96.81
16.8,50.94,29.09,25.7,57.2
16.82,60.07,29.25,26.12,58.0
16.83,61.32,31.62,27.74,72.26
16.85,54.51,27.98,26.12,57.34
16.86,54.28,32.68,27.46,65.08
16.88,57.81,30.9,27.56,69.5
16.9,54.16,35.98,28.38,75.1
16.91,55.87,34.55,27.56,68.59
16.93,66.56,30.79,27.98,74.48
16.94,54.68,30.88,25.73,57.19
16.96,53.98,32.51,28.51,75.14
16.98,52.39,33.55,27.17,67.8
16.99,59.2,28.51,26.46,58.0
17.01,54.43,28.27,25.13,50.54
17.02,51.94,29.99,28.38,72.63
17.04,61.65,31.77,27.11,68.17
17.06,93.99,36.62,37.77,96.85
17.07,83.74,37.45,37.21,96.59
17.09,45.26,29.02,25.25,52.48
17.1,91.48,32.32,37.23,98.63
17.12,82.87,37.06,38.08,99.68
17.14,90.1,34.51,37.32,96.1
17.15,76.15,32.69,33.51,91.4
17.17,90.31,35.91,37.16,96.07
17.18,47.64,31.86,26.21,57.68
17.2,57.2,30.46,28.59,75.72
17.22,53.47,29.93,25.11,55.4
17.23,48.47,30.35,26.6,58.0
17.25,83.05,35.01,36.19,98.22
17.26,56.37,28.52,26.9,57.57
17.28,53.31,29.44,25.98,53.91
17.3,87.55,36.27,36.4,95.21
17.31,62.36,30.94,28.42,71.94
17.33,44.5,30.68,25.68,52.91
17.34,60.25,28.91,27.69,68.24
17.36,52.54,30.1,26.14,55.47
17.38,47.37,27.08,24.01,49.44
17.39,77.05,35.59,34.1,92.67
17.41,50.6,32.43,27.22,65.61
17.42,88.0,33.05,36.51,95.59
17.44,50.6,29.35,24.87,54.7
17.46,58.64,30.7,26.78,57.78
17.47,43.67,32.05,25.07,53.09
17.49,50.71,29.47,24.51,52.95
17.5,44.35,29.08,24.0,47.75
17.52,52.27,27.13,24.31,48.39
17.54,54.73,30.21,26.17,57.59
17.55,48.03,33.09,25.8,56.42
17.57,36.96,30.41,22.68,49.8
17.58,50.82,29.93,27.47,68.09
17.6,51.85,30.42,27.15,67.22
17.62,51.53,29.89,25.32,54.31
17.63,55.53,28.66,26.37,58.0
17.65,43.83,31.08,25.51,57.17
17.66,52.43,30.15,27.1,62.57
17.68,54.84,29.81,25.74,56.55
17.7,39.82,28.29,24.63,55.28
17.71,50.15,31.68,25.84,56.33
17.73,45.88,30.69,24.29,54.0
17.74,47.83,28.83,25.66,54.36
17.76,49.82,31.13,27.09,65.51
17.78,45.48,28.85,26.82,58.0
17.79,44.38,28.39,23.49,45.98
17.81,47.77,28.39,25.5,53.12
17.82,42.01,26.84,23.32,47.05
17.84,41.85,30.17,25.25,55.07
17.86,50.52,26.69,23.65,51.42
17.87,41.22,27.56,22.73,47.58
17.89,50.14,26.25,24.02,52.31
17.9,48.96,29.2,25.42,54.49
17.92,37.86,29.07,23.2,49.94
17.94,42.94,28.78,24.89,52.95
17.95,52.14,27.67,26.18,57.03
17.97,41.1,27.44,24.17,50.53
17.98,43.53,29.86,26.07,57.15
18.0,48.0,28.31,25.28,53.67
18.02,49.45,29.57,24.57,53.95
18.03,44.12,27.74,25.31,52.44
18.05,42.23,29.3,23.93,48.7
18.06,52.17,30.95,27.08,66.63
18.08,53.59,29.84,27.48,67.97
18.1,49.64,28.31,25.55,54.44
18.11,45.01,29.28,23.61,51.0
18.13,40.38,28.49,23.17,47.3
18.14,40.12,28.83,25.02,52.84
18.16,46.72,28.3,24.63,54.58
18.18,46.04,28.5,24.79,55.18
18.19,50.8,29.03,26.18,58.0
18.21,46.89,27.19,25.01,53.09
18.22,35.97,27.12,23.07,49.53
18.24,48.59,26.52,24.33,50.38
18.26,38.18,26.17,22.64,45.29
18.27,41.09,26.71,24.16,47.36
18.29,44.11,28.74,24.96,55.71
18.3,52.68,27.12,25.07,52.72
18.32,58.1,29.19,27.55,68.58
18.34,45.43,28.44,24.51,50.73
18.35,41.32,25.4,22.43,47.33
18.37,44.76,29.29,24.17,50.58
18.38,46.37,29.49,24.29,49.59
18.4,40.17,26.75,23.13,48.76
18.42,50.6,28.83,26.47,55.48
18.43,42.62,26.88,23.1,46.9
18.45,43.81,28.27,24.48,48.76
18.46,44.49,26.19,23.28,46.62
18.48,43.12,25.36,23.15,48.59
18.5,45.05,27.44,23.06,45.24
18.51,37.62,27.79,23.11,45.67
18.53,37.77,27.34,23.02,47.66
18.54,34.91,26.12,22.83,46.16
18.56,42.45,27.26,24.01,53.57
18.58,44.0,28.22,23.39,51.76
18.59,42.25,27.71,24.81,51.38
18.61,48.18,28.01,25.06,54.55
18.62,39.63,26.7,23.41,49.94
18.64,42.85,29.42,24.53,51.09
18.66,33.9,25.86,21.76,41.82
18.67,37.28,28.31,23.57,49.08
18.69,42.55,29.32,24.84,52.55
18.7,43.17,28.23,22.83,46.81
18.72,37.31,27.16,22.63,47.24
18.74,38.27,26.63,22.84,46.06
18.75,30.9,28.94,22.87,45.1
18.77,36.56,25.21,23.32,48.54
18.78,42.65,25.85,22.82,47.99
18.8,40.93,26.67,23.04,46.12
18.82,40.41,29.08,23.67,50.95
18.83,38.02,27.75,22.7,44.15
18.85,37.66,25.69,22.39,45.1
18.86,34.18,26.64,23.06,47.17
18.88,40.84,26.14,22.42,45.28
18.9,39.31,25.95,23.33,47.72
18.91,39.52,28.45,22.4,48.92
18.93,34.29,24.88,21.49,42.08
18.94,26.02,29.31,21.8,47.36
18.96,42.13,28.1,25.38,54.86
18.98,34.11,28.45,22.76,46.88
18.99,32.05,26.08,20.21,40.53
19.01,39.7,26.5,21.61,47.8
19.02,34.13,24.54,21.84,42.79
19.04,41.26,25.86,23.73,48.08
19.06,38.91,27.34,23.65,48.26
19.07,39.11,28.51,23.86,50.01
19.09,28.73,24.86,22.05,41.94
19.1,41.48,25.93,22.86,47.49
19.12,36.6,26.21,23.38,51.09
19.14,33.31,24.3,20.31,40.4
19.15,35.74,27.24,22.13,44.72
19.17,26.01,25.22,19.39,36.35
19.18,36.81,25.97,22.41,47.31
19.2,29.49,25.54,21.4,41.6
19.22,27.74,24.99,21.11,44.73
19.23,26.76,26.12,21.27,45.22
19.25,39.81,25.77,22.26,46.14
19.26,30.97,25.49,21.49,43.14
19.28,41.66,24.91,21.82,46.22
19.3,31.19,26.44,23.05,48.97
19.31,25.2,28.4,21.43,41.45
19.33,28.03,26.08,21.0,40.89
19.34,39.67,27.33,24.72,50.32
19.36,32.59,23.7,20.34,40.81
19.38,30.5,25.98,20.82,42.34
19.39,33.92,24.05,20.76,39.37
19.41,35.51,23.44,21.63,43.12
19.42,38.47,24.5,22.77,45.02
19.44,40.0,27.36,24.1,49.32
19.46,30.84,26.95,24.11,50.98
19.47,25.89,25.84,19.21,35.67
19.49,30.34,23.14,21.33,42.24
19.5,33.59,25.1,21.45,40.78
19.52,27.35,25.8,20.74,41.22
19.54,27.27,25.56,20.63,40.57
19.55,33.66,22.49,20.4,39.33
19.57,31.58,23.88,22.59,45.85
19.58,31.87,25.07,22.32,45.69
19.6,27.8,25.93,21.33,41.32
19.62,30.33,21.78,21.51,40.97
19.63,26.75,24.79,19.6,40.59
19.65,35.71,25.2,21.17,41.65
19.66,36.32,26.22,20.89,41.74
19.68,21.8,25.93,19.88,39.84
19.7,26.28,25.72,21.16,47.29
19.71,23.33,23.6,20.05,36.99
19.73,27.46,21.9,20.17,40.11
19.74,30.18,24.12,19.99,38.04
19.76,23.25,26.17,21.36,41.56
19.78,25.78,26.71,21.44,41.65
19.79,25.26,25.64,21.44,41.01
19.81,31.21,25.17,20.06,39.32
19.82,30.42,25.05,21.68,41.42
19.84,26.36,23.6,19.45,38.88
19.86,30.75,24.2,20.9,41.66
19.87,27.03,26.85,21.9,44.66
19.89,28.31,22.89,20.54,39.78
19.9,37.93,26.68,22.32,45.25
19.92,36.17,23.73,21.87,44.91
19.94,22.87,26.15,19.44,35.45
19.95,33.42,22.01,21.87,43.78
19.97,33.23,24.95,21.64,42.41
19.98,23.33,22.92,20.65,39.14
20.0,33.07,21.85,20.43,37.3
20.02,36.57,24.26,21.66,45.97
20.03,23.17,25.4,19.87,37.34
20.05,24.1,22.57,20.47,41.77
20.06,33.69,21.54,20.28,41.7
20.08,29.86,23.61,21.43,41.0
20.1,31.17,23.57,20.78,39.66
20.11,30.02,24.47,19.61,41.95
20.13,30.18,25.03,20.93,44.25
20.14,21.51,23.47,18.72,35.15
20.16,33.29,26.29,22.24,45.69
20.18,33.81,23.8,20.59,39.99
20.19,26.73,22.89,20.98,42.21
20.21,27.57,20.95,19.71,37.14
20.22,20.04,22.93,19.14,33.2
20.24,30.18,22.77,21.23,40.45
20.26,30.39,24.67,22.08,44.73
20.27,27.13,23.87,20.58,38.81
20.29,32.98,21.36,20.07,39.41
20.3,25.61,23.34,18.8,34.05
20.32,30.02,24.04,20.52,39.34
20.34,22.01,25.28,19.78,39.35
20.35,26.91,24.27,20.77,41.37
20.37,26.08,24.04,20.22,39.46
20.38,28.0,22.94,20.99,42.97
20.4,24.94,23.38,19.64,38.59
20.42,26.05,24.63,20.62,42.72
20.43,30.76,20.7,21.12,41.47
20.45,24.37,22.13,19.95,38.01
20.46,18.45,21.45,18.56,32.65
20.48,35.15,23.13,21.05,41.61
20.5,33.23,24.36,21.12,43.76
20.51,19.79,21.57,18.16,35.56
20.53,29.63,18.83,19.01,37.92
20.54,23.59,21.75,20.05,36.19
20.56,27.35,23.69,20.4,41.65
20.58,27.43,23.08,19.32,34.41
20.59,24.72,22.87,21.36,43.79
20.61,21.9,21.76,19.46,36.65
20.62,22.3,20.21,17.67,25.53
20.64,21.1,22.86,19.06,34.1
20.66,21.45,20.78,18.93,37.53
20.67,25.21,25.26,22.1,42.24
20.69,21.89,22.79,18.63,33.98
20.7,28.82,21.02,20.77,39.61
20.72,32.78,20.93,21.65,41.07
20.74,22.37,21.65,18.74,35.45
20.75,26.41,21.39,19.52,40.35
20.77,27.64,23.37,19.69,42.17
20.78,27.44,21.93,19.9,38.85
20.8,25.4,20.5,19.3,38.68
20.82,28.67,24.39,21.5,43.41
20.83,27.3,21.58,20.81,41.87
20.85,18.64,22.61,18.39,33.64
20.86,29.12,20.5,18.3,34.83
20.88,29.15,21.91,20.28,40.64
20.9,20.83,21.78,19.29,35.82
20.91,24.78,18.43,18.82,35.56
20.93,27.95,24.24,20.56,40.42
20.94,23.43,23.1,19.93,39.79
20.96,29.78,20.52,21.19,40.69
20.98,36.18,19.42,20.88,41.77
20.99,20.37,21.55,18.62,37.74
21.01,17.34,21.11,17.95,26.83
21.02,25.71,21.46,19.53,39.65
21.04,27.75,21.17,21.18,42.19
21.06,22.93,21.59,19.16,36.94
21.07,31.3,22.95,20.91,43.14
21.09,17.28,21.59,18.1,35.63
21.1,27.39,19.11,20.08,36.27
21.12,20.84,22.68,20.89,39.0
21.14,32.42,23.05,21.48,45.18
21.15,33.73,25.27,22.04,44.38
21.17,19.89,18.81,18.06,32.33
21.18,20.92,20.81,16.87,20.83
21.2,27.92,17.27,19.33,36.38
21.22,21.64,21.18,19.1,34.12
21.23,23.3,19.48,19.06,39.37
21.25,23.6,23.14,19.3,36.84
21.26,13.83,19.04,16.91,22.72
21.28,23.31,17.62,17.84,25.73
21.3,19.89,19.4,19.02,37.36
21.31,20.83,17.1,17.35,25.18
21.33,30.46,21.14,21.93,45.91
21.34,16.92,16.87,17.36,22.84
21.36,27.22,19.96,18.42,34.29
21.38,21.72,16.75,17.57,25.41
21.39,21.67,19.34,17.92,24.24
21.41,26.98,22.24,18.33,34.49
21.42,24.69,20.27,20.44,40.58
21.44,25.8,18.38,19.32,38.24
21.46,27.74,19.58,19.82,35.86
21.47,21.21,19.61,18.59,35.92
21.49,19.76,20.24,17.33,23.38
21.5,17.36,17.44,16.86,23.76
21.52,18.62,20.33,18.97,36.87
21.54,37.45,15.33,18.69,38.5
21.55,28.89,18.4,17.18,25.43
21.57,15.87,18.56,17.19,25.44
21.58,15.98,20.2,17.76,26.84
21.6,24.96,19.23,19.0,36.6
21.62,25.25,17.05,18.86,35.85
21.63,25.22,17.63,18.96,37.37
21.65,21.17,19.36,18.58,35.92
21.66,21.78,18.89,19.28,36.26
21.68,24.01,18.09,17.2,24.04
21.7,22.77,18.19,18.66,35.08
21.71,11.21,19.91,17.6,23.04
21.73,21.12,18.04,16.98,24.9
21.74,17.98,18.64,16.5,21.98
21.76,23.08,21.98,18.84,38.71
21.78,37.1,16.54,19.31,35.29
21.79,23.98,15.85,18.34,33.5
21.81,20.54,19.76,17.92,25.06
21.82,26.69,17.52,17.94,26.78
21.84,24.46,18.01,17.96,25.71
21.86,24.12,17.27,19.07,36.78
21.87,25.02,18.01,18.54,33.25
21.89,32.24,20.75,20.26,38.21
21.9,16.27,19.51,17.62,24.86
21.92,24.27,19.55,19.92,36.52
21.94,17.24,16.09,16.23,20.5
21.95,24.62,16.44,19.05,37.04
21.97,17.22,13.86,16.32,20.04
21.98,19.7,16.86,17.28,26.03
22.0,20.28,19.46,20.28,41.13
22.02,26.61,18.75,18.14,31.61
22.03,26.3,17.6,18.31,33.01
22.05,15.45,17.85,16.11,17.61
22.06,21.93,16.8,18.48,33.43
22.08,18.08,18.1,18.9,36.64
22.1,15.31,18.89,18.72,34.23
22.11,20.49,15.28,18.03,34.01
22.13,20.01,18.1,17.67,22.2
22.14,33.66,19.01,19.79,39.99
22.16,23.67,16.94,16.68,21.46
22.18,14.59,18.57,18.81,35.07
22.19,18.63,21.69,19.08,35.87
22.21,26.54,17.27,18.14,32.05
22.22,31.85,17.97,20.57,39.04
22.24,13.46,16.22,15.54,21.24
22.26,11.97,17.56,16.83,23.22
22.27,30.7,17.93,19.19,38.6
22.29,23.27,17.49,18.63,35.57
22.3,16.96,15.62,16.59,22.32
22.32,23.96,17.41,17.04,20.49
22.34,8.08,19.25,16.51,21.51
22.35,21.26,17.69,18.73,35.17
22.37,22.86,18.41,18.32,37.14
22.38,25.82,16.57,18.83,36.81
22.4,16.11,18.0,16.4,23.99
22.42,21.59,17.25,17.79,25.62
22.43,16.52,15.36,16.0,19.74
22.45,22.4,17.22,18.51,34.89
22.46,16.63,15.21,16.5,22.25
22.48,19.05,15.71,17.53,22.75
22.5,16.09,16.89,17.77,24.12
22.51,24.31,17.01,18.68,34.97
22.53,25.33,14.74,17.81,27.2
22.54,19.85,18.06,17.0,19.87
22.56,21.19,17.29,17.76,26.48
22.58,13.74,15.33,15.67,18.66
22.59,19.47,14.04,16.26,19.31
22.61,20.7,16.08,17.03,24.83
22.62,34.04,15.59,18.33,36.02
22.64,15.36,16.38,15.08,20.65
22.66,28.23,15.62,17.75,25.84
22.67,25.88,13.11,17.34,26.84
22.69,22.28,15.5,16.3,22.3
22.7,29.65,15.58,18.49,34.84
22.72,22.71,16.95,19.4,37.6
22.74,22.78,14.9,18.09,35.48
22.75,20.55,18.43,19.32,35.59
22.77,26.92,13.0,17.62,23.38
22.78,26.27,17.79,19.58,37.33
22.8,17.65,15.44,16.11,17.89
22.82,14.17,17.03,16.15,21.33
22.83,19.74,15.81,14.91,15.58
22.85,16.74,17.36,18.08,33.31
22.86,20.41,15.03,18.2,35.05
22.88,26.9,13.92,17.13,22.58
22.9,18.41,17.65,17.26,26.09
22.91,20.47,15.31,16.46,19.62
22.93,20.97,15.77,17.58,26.06
22.94,24.91,17.25,19.19,37.67
22.96,9.42,13.81,13.61,12.98
22.98,17.61,16.21,17.24,27.6
22.99,21.69,14.39,16.74,22.33
23.01,26.62,15.03,17.96,23.8
23.02,18.15,15.3,17.09,21.08
23.04,11.21,12.9,14.84,17.93
23.06,23.68,13.94,17.03,22.88
23.07,17.4,17.09,16.98,23.11
23.09,14.62,16.35,17.3,23.22
23.1,17.43,14.89,16.83,23.57
23.12,19.62,15.3,17.11,22.67
23.14,17.51,14.46,15.36,16.49
23.15,9.5,16.89,15.64,19.79
23.17,25.0,14.52,18.2,30.48
23.18,26.88,15.12,17.97,25.65
23.2,23.76,16.46,18.41,33.05
23.22,14.8,13.53,17.12,23.51
23.23,19.47,16.99,18.25,35.81
23.25,20.44,12.32,16.23,19.89
23.26,23.46,17.02,17.6,25.91
23.28,23.8,13.98,15.1,18.17
23.3,16.78,14.13,16.04,23.51
23.31,20.85,11.62,15.75,19.7
23.33,22.72,13.73,17.23,22.24
23.34,27.7,12.82,17.24,24.56
23.36,23.94,13.43,16.74,21.78
23.38,24.35,14.09,15.84,19.18
23.39,20.82,15.7,16.48,21.13
23.41,27.44,14.53,18.22,34.17
23.42,22.43,14.64,18.52,36.74
23.44,16.07,12.5,15.5,16.8
23.46,27.39,12.78,17.57,24.29
23.47,23.85,16.76,18.75,36.37
23.49,18.14,12.93,15.36,19.68
23.5,17.95,16.47,17.34,25.71
23.52,21.83,13.59,16.15,21.02
23.54,22.65,13.92,17.65,24.16
23.55,21.32,15.48,17.36,24.67
23.57,21.88,15.75,17.64,24.55
23.58,28.82,13.63,17.14,22.73
23.6,25.67,13.18,17.74,25.41
23.62,21.26,13.64,18.34,33.21
23.63,25.01,14.2,16.58,21.16
23.65,15.13,14.99,15.92,19.83
23.66,22.28,13.62,17.0,25.03
23.68,29.33,14.51,18.73,30.88
23.7,19.19,16.0,16.63,22.79
23.71,16.03,14.08,13.78,15.97
23.73,17.01,13.93,17.23,20.99
23.74,14.81,11.15,15.6,20.39
23.76,16.33,9.45,13.31,15.59
23.78,18.4,13.94,15.86,21.39
23.79,13.22,13.18,16.63,18.2
23.81,20.32,12.51,17.36,25.84
23.82,24.75,13.62,17.92,23.93
23.84,15.69,13.13,15.57,20.89
23.86,27.83,14.87,18.06,34.95
23.87,22.78,13.27,16.68,20.98
23.89,25.37,11.99,17.68,25.48
23.9,16.93,14.56,15.62,19.39
23.92,24.48,12.71,16.22,18.18
23.94,14.75,13.8,16.59,23.84
23.95,24.65,12.25,16.72,21.21
23.97,21.06,11.96,17.24,22.26
23.98,22.96,13.03,16.2,20.64
